[
    {
      "id": 1,
      "priority": 1,
      "action": {
        "type": "block"
      },
      "condition": {
        "urlFilter": "*://ads.example.com/*",
        "resourceTypes": ["script", "image", "stylesheet", "xmlhttprequest"]
      }
    },
    {
      "id": 2,
      "priority": 1,
      "action": {
        "type": "block"
      },
      "condition": {
        "urlFilter": "*://*.doubleclick.net/*",
        "resourceTypes": ["script", "image", "stylesheet", "xmlhttprequest"]
      }
    }
  ]
  